2019-10-04T21:23:22Z,9538,60,22
2019-07-16T21:12:15Z,15623,35,66
2019-10-20T17:00:10Z,1846,7,99
2019-02-12T18:17:29Z,17273,57,44
2019-03-23T10:53:38Z,10740,94,59
2020-02-20T00:31:39Z,4895,59,39
2019-05-18T22:16:44Z,1167,70,70
2019-12-22T03:06:34Z,10417,16,79
2019-11-06T00:46:46Z,8229,74,27
2019-08-14T04:26:20Z,4500,55,94
2020-01-19T21:25:05Z,16753,10,92
2020-02-27T19:02:05Z,10189,71,73
2019-09-03T16:48:29Z,16883,95,13
2019-12-07T03:14:54Z,13016,11,91
2019-09-02T18:58:04Z,3316,81,46
2019-12-27T17:32:25Z,2160,36,58
2019-11-21T00:11:32Z,6117,75,44
2019-10-19T15:09:59Z,9033,77,53
2019-08-09T23:13:21Z,11076,66,67
2019-06-13T19:55:40Z,19688,74,69
2019-06-06T17:54:58Z,14622,56,46
2019-10-25T22:15:28Z,6575,94,74
2019-10-23T17:29:37Z,11812,95,89
2019-02-03T17:58:28Z,4980,22,53
2020-02-02T23:48:46Z,17362,95,30
2020-01-14T13:30:37Z,13681,36,2
2019-04-07T02:59:33Z,12645,85,7
2019-02-09T05:44:45Z,14266,43,86
2019-12-11T13:00:49Z,10522,87,37
2019-05-20T14:53:54Z,19394,5,33
2019-08-19T15:34:10Z,4503,38,36
2019-12-18T11:24:06Z,1230,33,32
2020-02-03T21:55:16Z,3792,23,36
2019-05-10T09:05:32Z,7340,98,80
2020-01-20T17:03:18Z,14411,2,44
2019-04-10T10:08:13Z,8868,64,39
2019-10-16T07:52:42Z,9297,34,99
2019-07-24T14:50:49Z,12784,49,71
2019-11-14T22:43:32Z,2975,23,24
2019-10-10T23:29:30Z,18237,67,96
2020-02-09T18:37:00Z,10668,7,66
2019-04-19T08:10:48Z,3760,11,53
2019-10-09T19:51:14Z,15583,98,17
2019-02-04T22:32:04Z,7789,80,76
2019-03-29T08:03:31Z,12930,81,95
2019-08-03T01:52:24Z,5305,24,95
2019-08-18T09:45:52Z,10989,56,3
2019-09-07T20:42:44Z,17043,32,96
2019-05-22T06:57:55Z,7575,99,32
2019-10-02T06:09:15Z,6029,19,87
2019-07-10T16:00:23Z,12247,41,40
2019-10-01T09:07:57Z,18808,18,49
2019-08-09T07:04:06Z,17364,46,39
2019-10-21T16:43:07Z,2773,12,83
2020-02-27T21:57:00Z,1138,18,45
2020-01-18T20:39:52Z,3374,64,60
2020-01-15T21:17:07Z,17709,74,16
2019-02-21T10:32:38Z,9169,4,77
2019-05-24T02:21:13Z,17184,48,87
2019-12-18T10:11:27Z,9186,25,24
2019-12-21T02:51:44Z,9238,93,98
2019-02-08T17:45:29Z,14286,89,93
2020-01-18T08:21:21Z,5071,85,1
2019-06-22T06:56:40Z,1398,8,65
2019-09-21T05:14:07Z,17525,12,67
2019-12-16T23:18:30Z,2366,91,30
2019-02-15T15:56:10Z,7093,5,100
2019-04-23T07:51:44Z,16310,63,52
2019-11-24T11:59:24Z,14710,69,5
2019-03-31T18:02:04Z,15741,64,52
2020-02-14T14:39:23Z,18391,57,83
2019-12-24T07:53:20Z,17103,13,57
2019-05-22T14:18:58Z,9455,62,64
2019-03-16T12:53:18Z,1408,10,40
2019-07-27T22:39:55Z,19306,69,33
2019-04-02T11:52:15Z,13374,15,15
2019-08-24T19:35:50Z,11155,25,31
2019-11-11T16:12:42Z,18347,62,31
2019-06-08T12:44:32Z,14458,48,84
2019-04-09T22:55:43Z,8843,47,74
2019-08-10T01:19:56Z,19341,74,36
2019-11-27T11:55:41Z,18854,36,15
2019-04-14T10:30:34Z,8610,60,47
2020-02-02T17:07:57Z,13446,3,35
2019-05-20T12:32:20Z,12790,29,47
2019-07-31T07:43:04Z,11971,36,60
2019-11-04T00:38:40Z,8261,27,93
2019-02-14T13:11:08Z,11221,94,95
2019-03-08T05:19:45Z,1073,24,87
2019-05-06T11:20:52Z,10149,43,20
2019-09-30T01:07:09Z,14232,53,14
2019-11-22T07:42:09Z,11932,45,81
2019-12-07T03:44:14Z,14058,94,98
2019-02-06T10:13:40Z,19321,57,30
2019-09-01T19:07:50Z,10590,29,51
2019-12-04T01:20:40Z,16951,5,93
2019-09-28T21:58:59Z,5384,92,58
2019-03-25T01:47:50Z,12180,15,63
2019-03-11T08:58:59Z,16699,90,1
2019-07-17T21:09:53Z,17491,94,28
2019-02-18T23:34:22Z,18376,15,72
2020-01-30T11:05:03Z,6371,6,76
2019-09-14T07:15:36Z,15124,75,98
2019-09-12T14:53:03Z,16510,17,18
2019-10-02T15:36:44Z,5371,22,41
2019-05-01T22:59:28Z,13529,82,24
2019-08-22T10:40:46Z,4155,100,100
2020-02-27T17:07:13Z,13361,50,67
2019-08-02T09:34:32Z,2749,100,16
2019-10-31T23:07:42Z,8732,88,56
2019-03-11T07:38:54Z,8913,24,90
2019-05-12T20:04:24Z,1665,75,80
2020-01-08T04:32:52Z,7335,62,35
2019-08-21T19:06:31Z,13058,40,52
2020-01-27T11:23:49Z,6854,58,82
2019-09-02T21:14:09Z,2370,49,46
2019-12-24T17:01:36Z,12144,25,75
2019-05-28T17:14:59Z,5498,47,23
2019-10-26T09:15:24Z,2918,12,82
2019-06-03T03:11:52Z,13573,37,84
2019-09-06T12:49:14Z,9011,75,67
2019-09-16T10:53:39Z,19357,19,88
2020-02-16T05:59:29Z,17969,29,12
2019-03-06T06:51:54Z,9358,95,46
2020-02-21T15:31:25Z,15265,62,20
2019-05-27T13:09:13Z,9477,58,40
2019-04-21T20:15:24Z,6036,25,26
2019-06-05T22:08:21Z,10773,98,34
2019-12-05T09:57:15Z,1994,15,75
2019-02-25T15:58:37Z,5699,68,92
2019-06-05T02:39:02Z,14621,82,32
2020-01-04T09:45:07Z,13967,65,83
2019-11-27T14:14:05Z,13271,85,96
2019-03-21T09:06:00Z,5959,14,14
2019-08-01T02:49:53Z,1223,52,82
2019-09-21T00:04:43Z,9214,51,18
2019-03-05T11:02:59Z,13282,21,92
2019-03-09T20:15:49Z,17110,66,84
2019-06-18T18:47:39Z,11342,91,8
2019-09-03T16:38:49Z,18393,1,58
2019-05-16T22:44:25Z,19208,27,68
2019-02-26T03:36:06Z,3730,69,44
2020-01-20T10:17:39Z,17436,41,12
2020-02-16T06:43:14Z,19797,35,13
2019-10-20T15:52:32Z,4145,3,5
2019-12-25T19:50:33Z,17254,46,30
2019-10-01T07:22:52Z,14395,45,15
2019-04-01T17:19:27Z,3971,95,2
2019-04-18T16:32:17Z,19186,5,68
2019-05-15T14:43:54Z,1517,92,97
2019-12-15T00:16:04Z,6391,1,68
2019-05-15T10:55:56Z,4730,80,69
2019-05-10T03:26:31Z,4182,36,11
2019-07-08T07:07:13Z,16583,27,32
2019-04-29T14:59:21Z,2852,85,56
2019-09-07T11:59:16Z,16525,57,36
2019-08-09T00:08:44Z,19748,87,72
2019-02-24T08:47:22Z,9718,64,86
2019-07-25T01:04:37Z,16360,46,30
2019-11-09T20:47:10Z,3394,68,77
2019-07-26T00:53:05Z,9760,28,6
2019-04-07T09:51:49Z,7121,92,12
2019-04-09T16:46:03Z,10644,79,15
2020-01-20T14:52:03Z,13144,58,71
2019-07-13T06:34:04Z,6372,8,93
2019-08-03T03:42:04Z,7756,41,24
2019-10-03T15:31:59Z,16334,98,31
2019-07-09T01:04:36Z,13584,65,87
2019-11-05T18:40:11Z,17503,94,75
2019-04-28T22:20:38Z,5549,30,24
2019-08-27T00:19:26Z,14941,77,48
2020-01-04T03:22:40Z,10702,66,3
2019-05-25T10:36:23Z,19357,98,51
2019-02-03T06:30:46Z,14999,97,67
2019-12-29T11:04:43Z,5722,68,33
2019-09-20T16:31:14Z,9539,28,6
2019-06-02T13:07:48Z,10731,12,82
2020-01-15T08:47:14Z,11997,26,64
2019-10-11T21:52:21Z,12176,44,36
2020-02-23T11:17:03Z,6558,90,49
2019-07-23T13:09:27Z,15584,85,100
2019-10-13T05:22:23Z,13338,80,14
2020-01-25T14:53:54Z,8529,3,7
2019-07-01T11:09:33Z,12520,70,30
2019-06-06T04:26:56Z,19825,55,15
2019-12-15T03:08:12Z,11905,70,19
2019-06-14T06:35:38Z,16026,12,97
2019-11-29T01:07:10Z,2087,36,12
2019-12-10T14:52:43Z,10378,71,94
2020-01-08T21:16:32Z,15391,83,16
2019-11-12T16:40:41Z,16034,37,52
2019-05-17T23:26:39Z,11997,4,69
2019-09-14T00:23:06Z,5057,35,33
2019-11-21T07:19:39Z,9006,37,83
2019-12-17T14:44:27Z,7873,99,92
2019-07-11T01:29:59Z,13608,69,81
2019-09-16T08:54:46Z,12607,40,28
2019-11-28T06:40:30Z,18481,19,58
2020-02-23T22:06:04Z,13059,24,72
2020-02-09T14:59:19Z,4334,76,80
2019-08-12T00:21:43Z,14487,46,55
2019-02-18T03:59:58Z,16283,34,93
2019-11-17T14:32:47Z,9324,58,49
2019-02-18T01:00:22Z,1669,19,8
2019-07-25T23:04:02Z,11403,45,35
2019-08-18T18:47:31Z,19014,2,10
2020-01-28T15:17:21Z,13313,55,92
2020-02-18T12:54:13Z,10958,25,24
2019-08-10T19:16:59Z,12545,19,5
2019-04-29T09:56:16Z,6384,95,74
2019-09-29T16:10:24Z,19329,49,50
2019-09-28T22:02:33Z,4096,24,77
2019-05-11T07:55:06Z,12974,90,53
2020-02-17T17:59:05Z,10231,87,95
2019-05-12T08:44:22Z,19172,30,77
2019-02-19T00:58:58Z,6403,56,6
2019-07-11T20:57:13Z,8411,67,49
2019-03-13T20:35:48Z,11620,75,18
2019-02-23T11:21:05Z,1359,22,55
2019-04-28T02:20:31Z,7915,51,63
2020-02-05T08:09:28Z,11008,77,25
2019-10-08T21:36:32Z,13892,80,68
2019-06-27T16:10:43Z,5582,40,1
2019-08-31T18:48:16Z,1376,37,62
2019-09-24T15:39:45Z,6725,71,46
2019-04-11T22:20:52Z,19828,55,58
2019-09-11T23:05:32Z,5994,52,38
2020-01-10T21:53:10Z,3970,96,83
2019-02-04T10:53:53Z,2259,50,11
2019-04-09T15:10:48Z,11210,50,7
2019-05-15T08:35:25Z,14956,91,69
2020-02-24T03:48:23Z,16192,54,82
2019-10-23T16:30:20Z,4710,78,85
2019-05-28T16:23:38Z,18940,96,91
2020-02-24T04:51:55Z,1116,77,30
2019-11-28T20:05:12Z,8301,2,92
2019-03-04T13:46:24Z,12592,30,78
2019-05-04T09:10:22Z,16179,86,70
2020-01-19T23:43:11Z,19259,67,39
2020-01-16T07:19:51Z,12325,83,46
2019-09-24T11:14:27Z,1243,82,48
2019-07-30T14:14:21Z,8622,48,65
2019-10-24T13:18:34Z,12100,35,11
2019-09-30T23:45:39Z,12568,43,82
2019-03-11T12:07:28Z,1789,41,19
2019-06-04T21:03:47Z,5679,32,57
2019-10-21T15:10:46Z,17661,79,96
2019-02-23T14:25:44Z,11264,59,75
2019-02-21T04:40:54Z,9445,91,3
2019-08-30T22:36:36Z,3731,19,86
2019-03-29T22:30:43Z,14824,40,1
2019-05-07T05:31:56Z,4396,81,34
2019-09-21T09:52:14Z,3553,72,39
2019-04-05T09:15:12Z,11378,100,79
2019-06-18T08:29:37Z,13255,18,96
2019-03-27T04:40:19Z,18735,9,35
2020-02-15T01:31:25Z,15242,47,33
2019-04-18T18:30:02Z,16031,43,85
2019-11-25T17:46:50Z,3255,57,75
2019-06-30T20:49:55Z,12265,26,18
2019-06-11T01:38:01Z,10697,89,77
2019-07-17T08:40:41Z,1921,20,48
2020-01-02T10:00:36Z,11999,79,60
2019-06-09T09:28:14Z,11441,1,95
2019-07-24T11:00:04Z,2467,6,25
2019-11-05T08:15:00Z,5475,84,7
2019-05-01T13:56:54Z,7177,66,53
2019-10-19T02:52:43Z,6472,98,10
2020-02-28T14:53:34Z,12401,58,77
2019-06-03T09:36:23Z,16464,7,100
2019-06-08T15:47:38Z,19237,94,77
2019-02-12T16:14:05Z,9643,26,43
2019-04-03T10:59:17Z,6279,93,30
2019-12-17T16:27:48Z,9326,4,92
2019-12-21T11:11:39Z,3188,91,10
2019-02-17T20:15:39Z,10743,56,15
2019-08-16T17:00:07Z,18723,1,9
2019-06-05T21:55:18Z,9006,100,81
2019-03-25T23:35:10Z,5424,23,9
2020-01-14T12:54:55Z,13995,40,73
2019-02-03T04:07:35Z,7903,79,63
2019-08-15T20:57:33Z,9685,97,58
2019-02-13T08:13:46Z,3884,96,9
2020-02-11T11:27:45Z,17308,36,67
2019-11-13T15:45:27Z,6874,29,56
2019-07-20T14:15:24Z,19720,48,26
2019-09-14T00:48:44Z,13234,79,56
2019-06-12T08:22:18Z,15304,3,11
2020-01-09T15:43:22Z,15385,81,23
2019-12-06T11:06:24Z,13735,74,8
2019-04-13T09:08:48Z,5438,23,73
2020-01-24T07:57:06Z,12655,65,94
2019-10-20T07:53:10Z,7152,3,96
2019-06-07T19:04:22Z,19048,48,98
2019-06-15T22:54:57Z,15771,2,76
2019-03-25T14:51:45Z,6269,5,25
2019-12-17T18:36:44Z,12814,53,58
2019-04-23T08:58:28Z,11467,68,64
2019-09-12T12:59:45Z,16561,23,27
2019-03-11T19:09:31Z,5595,53,14
2019-06-23T15:58:30Z,6504,34,72
2019-05-30T21:16:09Z,6987,98,44
2019-08-20T16:02:25Z,4941,36,7
2020-01-21T18:22:50Z,13372,41,62
2019-07-19T19:01:13Z,2228,58,45
2019-09-30T11:56:49Z,18950,52,13
2019-07-28T02:19:18Z,7258,96,34
2019-04-19T14:11:00Z,2608,34,43
2019-07-18T07:13:02Z,19718,25,21
2019-10-13T20:47:59Z,14579,61,73
2019-06-21T07:56:44Z,19781,44,42
2019-07-27T20:05:30Z,14270,73,11
2020-01-15T15:40:45Z,12533,6,97
2019-12-25T17:24:44Z,15196,27,1
2019-02-01T18:05:37Z,17446,19,40
2020-01-07T05:47:27Z,9611,60,85
2019-12-30T19:41:17Z,9826,91,31
2019-05-02T05:13:53Z,3737,33,75
2019-05-19T03:38:45Z,13166,44,97
2019-06-29T03:25:22Z,16805,83,79
2019-05-04T07:31:02Z,10038,22,88
2019-08-22T17:34:32Z,5605,33,40
2019-05-04T13:45:53Z,15558,96,65
2019-09-22T23:48:07Z,11480,42,88
2019-11-19T22:47:27Z,2605,13,34
2019-08-09T23:26:45Z,11647,6,13
2019-05-18T05:35:46Z,11114,26,37
2019-09-21T05:23:20Z,11044,45,25
2019-09-04T07:05:42Z,8693,43,66
2019-12-23T00:04:29Z,15096,47,74
2019-11-13T08:00:26Z,1092,14,100
2019-08-02T04:26:12Z,1801,22,36
2019-06-29T19:46:38Z,4644,49,79
2019-10-26T11:16:52Z,17075,41,6
2019-06-06T15:29:26Z,10584,14,94
2019-09-05T00:05:03Z,2633,76,47
2019-03-29T11:45:54Z,5842,67,54
2019-10-14T10:16:54Z,19234,24,63
2019-10-02T03:07:16Z,7408,79,98
2019-03-09T04:42:38Z,18587,67,88
2019-02-19T05:20:27Z,5163,12,51
2019-06-12T05:47:41Z,14360,57,26
2019-08-24T12:02:34Z,10401,47,69
2019-10-31T19:08:28Z,6601,2,62
2019-02-12T15:34:16Z,12748,75,86
2019-06-04T08:15:51Z,17651,85,68
2019-12-01T18:15:55Z,13293,19,18
2019-08-31T18:51:35Z,5040,23,82
2019-09-25T23:53:39Z,13118,64,27
2020-01-23T00:54:54Z,8034,96,90
2019-03-29T20:20:47Z,3495,11,25
2019-11-02T07:33:44Z,13329,29,8
2019-08-25T03:38:21Z,10108,67,52
2020-01-11T03:56:26Z,15423,31,99
2020-02-04T06:30:28Z,12741,92,22
2019-07-15T15:48:52Z,8109,57,60
2020-02-11T17:58:38Z,12287,80,52
2020-02-15T14:40:18Z,9912,9,38
2019-09-24T20:57:03Z,16240,98,31
2020-02-23T20:43:47Z,5837,50,30
2019-12-07T03:59:43Z,12850,25,97
2019-02-03T18:52:56Z,1257,16,73
2019-09-15T15:36:54Z,1792,49,7
2019-12-13T20:37:48Z,9151,85,32
2020-01-19T15:14:02Z,15980,2,32
2019-02-23T18:56:05Z,12240,7,25
2019-05-24T08:37:52Z,9338,63,52
2019-12-31T13:44:11Z,1125,96,94
2019-04-02T00:52:57Z,16053,15,59
2019-07-16T01:13:03Z,16192,93,60
2019-10-13T19:51:04Z,19090,63,3
2019-03-10T06:29:45Z,15968,83,64
2019-06-17T02:07:16Z,6970,95,95
2019-09-27T02:21:20Z,6373,32,26
2019-06-27T04:16:23Z,17410,29,70
2020-01-14T08:27:53Z,1963,33,46
2019-08-03T02:42:44Z,14666,81,27
2020-01-12T17:13:52Z,8572,7,8
2019-02-11T10:47:33Z,14451,45,63
2019-09-15T12:54:51Z,12607,65,43
2019-10-17T18:33:03Z,7533,93,23
2019-03-11T13:11:37Z,18282,78,20
2019-09-09T23:01:53Z,4058,66,95
2019-03-20T02:08:04Z,13869,50,63
2019-05-30T11:40:51Z,19944,29,5
2019-11-16T17:07:41Z,11353,32,46
2019-12-24T02:30:52Z,19682,59,46
2019-05-15T20:20:06Z,3479,20,46
2019-08-03T19:32:46Z,11028,89,19
2019-05-25T07:21:29Z,2266,21,80
2019-09-03T14:57:14Z,12969,55,28
2019-11-10T14:17:47Z,10176,13,83
2019-02-09T15:55:15Z,19808,28,80
2019-11-10T22:46:34Z,6759,50,73
2019-08-29T12:48:33Z,6486,5,21
2019-11-02T23:10:13Z,14821,60,70
2019-06-01T05:38:16Z,3639,77,94
2020-01-11T23:38:32Z,17723,2,33
2019-09-02T18:15:29Z,6455,78,76
2020-02-28T10:55:50Z,5179,51,98
2019-03-23T09:15:51Z,11675,96,30
2019-03-06T15:38:11Z,1984,85,64
2019-10-03T00:36:29Z,18997,27,43
2019-10-05T04:14:12Z,9749,85,27
2019-03-30T16:13:42Z,11707,87,61
2019-07-10T23:54:21Z,9161,97,92
2019-03-15T07:53:06Z,18602,66,35
2019-10-31T10:40:27Z,13254,90,73
2019-09-27T20:29:05Z,15727,56,20
2020-01-21T16:21:18Z,4488,88,14
2019-06-29T08:18:33Z,7728,32,59
2019-12-14T22:41:45Z,17590,65,22
2019-12-23T13:53:44Z,13151,84,29
2019-03-30T03:43:52Z,16227,58,11
2019-10-28T13:41:23Z,2780,92,29
2019-02-06T03:32:20Z,16689,23,31
2019-12-13T08:57:48Z,18867,27,60
2019-04-12T20:01:56Z,13821,87,31
2020-01-09T01:59:50Z,12174,66,10
2019-03-29T20:15:12Z,19160,64,33
2019-08-25T08:03:17Z,5137,59,34
2019-05-28T05:58:23Z,8440,67,38
2019-04-25T09:15:47Z,17267,18,93
2019-11-30T01:46:45Z,10527,93,97
2019-11-25T12:49:46Z,1700,74,55
2019-11-11T14:51:55Z,11132,39,86
2019-02-02T08:59:34Z,6636,74,11
2019-08-24T01:12:20Z,8855,18,6
2020-02-08T15:51:47Z,17265,47,50
2020-02-12T18:46:23Z,12698,28,95
2019-04-01T17:48:22Z,8819,32,97
2020-01-15T09:30:10Z,1015,20,41
2019-08-06T15:35:46Z,4178,29,68
2019-07-27T23:29:35Z,3836,6,77
2019-11-30T07:05:42Z,9559,67,17
2019-08-16T22:09:47Z,8361,18,84
2019-09-27T13:09:41Z,18328,50,22
2020-02-20T17:55:21Z,8398,94,90
2019-03-08T19:30:19Z,4994,60,67
2019-09-13T13:47:08Z,2065,29,81
2019-03-10T16:59:06Z,15995,17,74
2019-10-15T02:54:53Z,12617,11,67
2019-07-22T08:47:41Z,10570,63,61
2020-02-02T12:53:34Z,19036,19,35
2019-04-20T14:42:47Z,18833,20,47
2019-04-10T21:18:21Z,1356,28,69
2019-02-09T03:50:17Z,16711,7,85
2019-07-26T19:53:52Z,10397,15,81
2020-02-20T22:49:40Z,19351,42,100
2019-07-07T21:56:01Z,10732,82,3
2019-07-19T08:13:24Z,6218,49,79
2019-12-26T23:03:13Z,17357,57,74
2019-12-12T13:30:00Z,6422,13,67
2020-01-26T23:21:33Z,11596,84,22
2020-01-23T04:03:48Z,9450,91,67
2019-04-04T17:18:59Z,9564,41,66
2019-02-16T05:46:30Z,18525,8,52
2019-09-20T21:42:36Z,7885,43,57
2020-02-01T11:57:47Z,16290,12,61
2019-07-17T04:52:11Z,16914,69,2
2019-10-26T18:49:43Z,11734,21,90
2019-03-26T01:41:40Z,2490,5,93
2019-04-05T06:05:41Z,15687,56,49
2019-03-09T13:58:04Z,5533,38,23
2019-07-27T14:13:57Z,2945,99,29
2019-03-04T08:55:28Z,13584,41,26
2019-10-02T18:38:46Z,12980,6,95
2019-10-17T07:51:43Z,19023,80,99
2019-11-11T22:44:45Z,4898,67,23
2020-01-29T10:19:07Z,8281,1,52
2019-10-15T06:05:17Z,5740,29,19
2019-08-02T14:49:55Z,10828,99,79
2019-10-23T12:26:15Z,1732,46,97
2020-01-25T12:16:31Z,14429,1,32
2020-02-05T19:39:53Z,19914,32,31
2019-07-13T11:04:36Z,6209,84,48
2019-03-20T09:05:35Z,7648,48,35
2020-01-12T04:46:46Z,17317,25,52
2019-02-01T00:57:17Z,12396,87,35
2019-03-28T19:20:44Z,9106,37,68
2019-03-07T15:17:48Z,4520,100,52
2019-11-05T12:29:42Z,10681,75,48
2019-04-11T01:31:38Z,10912,96,52
2019-02-01T09:30:15Z,9367,22,9
2019-09-25T06:41:51Z,11247,75,99
2019-05-26T06:15:05Z,9726,95,76
2020-02-25T21:23:00Z,15366,100,91
2020-02-26T03:39:19Z,1890,23,14
2019-02-07T23:41:06Z,7510,71,70
2019-04-28T09:12:36Z,8934,8,42
2019-05-01T09:52:30Z,13756,32,86
2019-11-14T01:07:23Z,17605,28,54
2020-02-14T04:37:49Z,2811,22,33
2020-01-22T03:57:22Z,16191,2,98
2019-06-19T05:41:22Z,19043,25,41
2019-08-31T16:43:53Z,9995,75,23
2019-08-06T02:26:53Z,9749,56,70
2019-11-05T16:53:23Z,4877,82,50
2019-11-30T09:29:10Z,8491,37,69
2019-05-12T11:39:37Z,16867,86,60
2020-02-17T10:51:57Z,5072,23,69
2019-11-04T06:47:30Z,15499,17,61
2019-07-04T19:57:37Z,18161,70,16
2020-01-18T09:55:26Z,6889,10,84
2019-11-09T09:37:20Z,14788,69,43
2020-01-19T14:13:31Z,13261,38,54
2019-12-15T16:59:25Z,19029,87,83
2020-02-08T13:20:21Z,18344,82,100
2019-08-23T13:39:16Z,4592,80,68
2019-03-09T14:39:40Z,1944,66,28
2019-05-28T02:36:13Z,8590,63,73
2019-08-01T08:38:14Z,1397,31,95
2019-06-10T02:02:15Z,12814,40,28
2019-05-07T05:19:41Z,12940,92,88
2019-04-21T14:30:01Z,8584,80,42
2019-05-08T06:54:20Z,10924,15,33
2019-09-26T08:41:09Z,10299,37,58
2019-11-28T11:19:12Z,7783,70,81
2019-07-15T01:42:32Z,13272,17,32
2020-01-15T13:38:19Z,15196,14,99
2019-02-17T00:33:24Z,15059,79,81
2019-11-27T21:27:17Z,2898,94,59
2019-11-18T19:09:43Z,1516,8,88
2019-09-22T19:52:45Z,3464,67,21
2019-04-28T09:13:08Z,13149,10,92
2019-08-28T07:53:12Z,3997,15,53
2019-04-13T10:47:23Z,4371,19,38
2020-01-09T17:48:49Z,18166,38,59
2019-06-14T12:06:12Z,7699,10,80
2019-07-04T21:08:38Z,11326,27,83
2019-12-30T09:44:17Z,2286,45,22
2019-07-10T21:13:13Z,15093,61,42
2019-04-26T05:58:53Z,13461,25,93
2019-09-05T04:16:16Z,12024,70,24
2019-03-26T12:54:01Z,3866,74,63
2019-03-13T13:53:22Z,16283,28,73
2020-02-02T02:48:48Z,10169,37,99
2019-06-16T15:15:04Z,8536,68,81
2019-02-07T17:07:07Z,19149,61,43
2019-09-27T00:17:48Z,17146,50,60
2019-05-08T20:16:09Z,8692,46,87
2019-07-14T14:44:14Z,17880,6,10
2019-02-12T15:42:57Z,19812,45,11
2019-02-26T11:06:37Z,17580,88,43
2019-05-03T12:33:32Z,2162,59,31
2019-04-18T07:54:39Z,3713,75,9
2019-03-13T23:22:29Z,9163,6,81
2020-01-28T17:31:02Z,4408,45,21
2019-06-25T11:31:40Z,4598,35,3
2019-09-09T00:02:01Z,10693,87,53
2019-08-06T13:50:44Z,8924,18,61
2019-07-20T09:48:52Z,14297,2,94
2019-05-07T06:26:54Z,10811,86,56
2019-10-06T08:34:37Z,3679,72,64
2019-05-02T10:11:17Z,16452,30,79
2019-07-18T19:52:44Z,5937,79,25
2019-03-11T15:29:37Z,19424,54,73
2020-02-11T06:02:21Z,11828,60,12
2019-10-25T23:33:07Z,16822,52,45
2019-10-14T12:12:36Z,17276,29,53
2020-02-17T19:29:55Z,11857,12,78
2019-10-14T05:26:18Z,15740,85,38
2019-02-22T06:56:48Z,11156,91,34
2019-02-17T01:55:35Z,13818,68,75
2019-05-31T04:56:53Z,15367,95,95
2020-02-01T04:31:15Z,3790,24,9
2019-08-03T23:00:56Z,11512,6,95
2019-10-17T14:25:58Z,4958,34,71
2019-11-29T13:16:27Z,4906,86,12
2019-11-22T12:00:32Z,16346,75,83
2019-02-17T11:58:15Z,4156,69,28
2019-05-30T16:45:53Z,12284,96,22
2019-12-29T16:20:08Z,17652,18,29
2019-10-21T13:09:25Z,16406,72,83
2020-02-02T06:58:08Z,16063,73,18
2019-02-11T10:11:04Z,2782,46,79
2020-01-31T15:37:22Z,17250,16,59
2019-12-26T09:23:53Z,5609,57,59
2019-12-24T00:02:35Z,10999,51,14
2020-02-13T15:29:36Z,9875,47,76
2019-08-21T06:57:43Z,5496,77,91
2019-09-28T22:44:46Z,16762,47,36
2019-09-13T11:31:00Z,7558,95,76
2019-08-12T06:37:33Z,4801,99,72
2020-02-12T05:19:57Z,3655,63,40
2020-01-02T02:36:55Z,10782,52,78
2019-02-11T16:54:05Z,16854,64,82
2019-09-24T00:09:56Z,13390,67,32
2019-07-11T22:51:46Z,14797,9,89
2020-02-09T18:37:49Z,9905,68,97
2019-03-20T17:39:44Z,4124,59,32
2019-02-28T11:15:50Z,14804,28,83
2019-02-24T07:53:40Z,15933,3,21
2019-04-22T02:00:25Z,17700,16,54
2019-04-12T23:16:34Z,6637,88,63
2019-07-20T16:28:21Z,11195,80,83
2019-12-06T23:59:48Z,10218,70,16
2019-11-25T04:05:38Z,13333,9,3
2019-03-17T19:00:42Z,12612,18,10
2020-01-11T00:45:11Z,10614,88,86
2019-12-20T17:03:38Z,9899,46,82
2019-09-04T04:10:01Z,5270,53,75
2019-04-30T06:29:56Z,3534,75,86
2019-05-12T20:55:25Z,1873,62,80
2019-11-01T16:10:21Z,15297,44,59
2019-06-01T05:22:41Z,9620,43,50
2020-01-17T00:14:26Z,13365,24,79
2019-12-28T22:35:58Z,4948,81,1
2019-05-09T14:24:07Z,8022,87,48
2019-09-05T22:13:22Z,4128,92,34
2019-04-19T21:24:22Z,11267,11,13
2019-10-13T02:07:16Z,14213,35,1
2019-04-29T18:41:06Z,11539,77,79
2019-09-07T12:45:12Z,7668,38,85
2020-01-27T18:05:16Z,8098,89,24
2019-08-27T18:12:35Z,3769,88,39
2020-01-20T06:28:29Z,13896,63,41
2019-11-17T12:26:38Z,18680,96,76
2019-08-23T20:42:15Z,14847,4,85
2019-04-09T11:01:16Z,16676,84,41
2019-08-16T18:39:40Z,16429,62,59
2019-05-08T01:49:09Z,8908,50,28
2019-03-11T17:58:25Z,6739,6,99
2019-04-04T08:55:12Z,16687,17,100
2019-05-25T21:38:07Z,6857,45,48
2019-07-11T10:43:17Z,6720,89,6
2019-05-25T22:31:16Z,5761,31,31
2019-07-21T17:24:56Z,9479,2,92
2019-11-18T14:36:39Z,6711,42,40
2019-02-08T22:36:27Z,14462,63,64
2020-02-15T06:39:57Z,15514,63,50
2019-02-22T16:20:21Z,18931,63,44
2019-04-20T08:54:23Z,14324,42,7
2019-05-10T02:58:11Z,7425,24,55
2019-12-24T03:43:21Z,3766,51,44
2019-10-06T01:59:30Z,18545,57,89
2019-12-04T14:48:41Z,2957,22,65
2020-01-21T01:47:49Z,7278,29,36
2019-07-20T14:50:03Z,13022,5,74
2019-06-19T18:26:31Z,5255,81,81
2019-12-08T01:55:50Z,6015,70,5
2019-08-19T08:53:19Z,7003,71,88
2020-01-05T08:43:56Z,17029,2,99
2019-12-19T11:36:38Z,10928,78,54
2019-05-26T20:56:10Z,16926,34,9
2019-10-02T03:12:09Z,16205,67,78
2019-06-11T07:22:23Z,19959,55,16
2019-07-21T11:44:02Z,11746,19,32
2019-05-27T07:11:58Z,13335,97,81
2019-04-30T14:09:02Z,11432,44,59
2019-11-01T17:05:16Z,16287,85,26
2020-02-05T10:52:12Z,13955,20,55
2019-04-20T05:53:37Z,4513,91,60
2019-06-13T05:17:59Z,17677,19,85
2019-02-07T12:57:57Z,15681,9,9
2020-01-13T11:20:07Z,14472,85,16
2020-02-03T05:10:23Z,3673,3,99
2019-06-19T13:36:28Z,17498,97,46
2019-05-07T08:49:02Z,8836,21,42
2019-09-19T10:21:54Z,19763,87,57
2019-05-20T21:57:23Z,17308,64,40
2019-03-16T08:54:10Z,5066,51,86
2019-08-28T02:32:25Z,4804,80,40
2019-08-14T23:58:05Z,3618,67,16
2020-01-28T15:55:45Z,7066,43,53
2020-01-03T17:04:51Z,13704,61,48
2019-02-14T20:37:55Z,15147,34,86
2020-01-05T18:17:36Z,3397,7,61
2019-05-18T07:05:02Z,4824,89,95
2019-07-15T18:26:21Z,17562,97,16
2019-11-12T00:11:48Z,3311,61,18
2019-06-05T07:34:57Z,11580,72,39
2019-11-11T10:38:38Z,18462,11,79
2019-05-23T04:58:52Z,13768,9,27
2019-12-07T18:13:42Z,10201,14,84
2019-04-18T04:54:10Z,1342,50,81
2019-03-21T10:20:19Z,9595,32,37
2020-02-27T03:35:20Z,7477,78,96
2019-09-09T04:22:15Z,3872,57,77
2019-10-08T07:46:58Z,18330,28,46
2019-07-24T23:26:46Z,18199,21,83
2019-05-07T00:02:51Z,11361,55,73
2019-05-26T01:11:43Z,18409,61,97
2020-02-15T04:01:42Z,5655,36,36
2019-04-11T20:34:19Z,1808,9,82
2019-06-05T09:59:25Z,10314,69,36
2019-12-22T18:31:22Z,8199,73,100
2020-01-14T02:20:18Z,1607,9,77
2019-08-21T16:36:48Z,6070,59,6
2019-06-05T09:07:25Z,2263,72,90
2019-02-25T16:26:13Z,7999,64,32
2020-02-27T17:30:19Z,3825,68,66
2020-02-14T03:50:52Z,3114,39,14
2019-03-19T11:40:28Z,4061,8,21
2019-09-30T09:10:02Z,14945,73,71
2019-06-08T13:40:54Z,10357,62,42
2020-02-05T07:39:44Z,20000,86,2
2019-12-30T22:05:43Z,18188,24,60
2019-11-27T10:05:34Z,10968,87,72
2019-09-02T21:28:41Z,15243,64,76
2019-06-11T03:01:46Z,19991,19,53
2019-06-25T15:03:37Z,3891,5,45
2019-06-06T23:48:20Z,4111,75,76
2019-05-29T12:46:35Z,2670,30,18
2019-07-25T09:59:16Z,17438,81,27
2019-11-09T23:55:49Z,19081,57,63
2019-05-24T05:18:12Z,2318,95,56
2019-02-21T19:34:13Z,17228,90,45
2020-01-05T10:05:05Z,9867,62,53
2020-01-08T10:21:30Z,13173,46,84
2019-03-21T07:39:54Z,3622,32,42
2019-11-19T15:31:34Z,15554,57,73
2019-03-31T00:05:33Z,5290,77,34
2019-11-15T11:51:58Z,10589,16,71
2019-06-02T03:15:44Z,14929,61,97
2019-06-15T16:16:23Z,3800,28,62
2019-08-15T09:30:22Z,1024,61,25
2019-11-12T07:11:11Z,8057,50,89
2019-10-05T04:23:50Z,9199,69,70
2019-08-26T06:07:47Z,16108,38,48
2020-02-18T06:05:08Z,7957,20,94
2019-07-24T16:47:22Z,16378,87,39
2019-02-13T22:02:51Z,12959,39,53
2019-12-16T06:55:44Z,9228,72,96
2019-06-05T10:01:57Z,3197,13,80
2019-07-22T08:34:05Z,19197,88,63
2019-03-11T04:35:52Z,8178,75,80
2019-02-28T16:59:47Z,19281,61,41
2019-11-09T14:18:19Z,14607,8,65
2019-09-20T05:34:02Z,5194,77,4
2019-07-28T14:50:08Z,13517,72,37
2019-06-20T19:33:09Z,8127,4,23
2019-03-30T12:27:10Z,19880,79,63
2019-08-26T17:33:27Z,17535,37,13
2019-02-14T21:06:45Z,8191,30,92
2019-12-27T00:54:17Z,17071,92,66
2019-02-18T11:06:04Z,2039,92,19
2019-10-04T14:34:57Z,18529,69,53
2019-09-21T08:33:38Z,18583,39,66
2020-01-28T03:25:52Z,15768,93,64
2019-03-10T10:42:13Z,4320,97,61
2019-05-06T01:48:29Z,13822,11,50
2019-05-12T05:05:51Z,4397,1,44
2019-05-04T04:54:28Z,12550,28,89
2019-09-02T07:33:19Z,19469,27,94
2019-03-26T08:06:11Z,2475,81,77
2019-09-27T04:23:50Z,12333,51,90
2019-06-16T17:58:16Z,5211,33,99
2020-01-26T18:05:09Z,12321,74,87
2019-09-17T06:40:02Z,14195,6,6
2019-04-06T11:15:34Z,10027,25,64
2019-03-21T09:09:07Z,12047,26,80
2019-07-14T19:18:28Z,14759,15,67
2019-08-08T02:43:09Z,2754,1,61
2019-12-14T22:04:27Z,11858,66,12
2019-05-06T22:11:08Z,2025,27,61
2019-04-15T10:03:14Z,17841,46,64
2019-04-01T04:08:07Z,9654,10,52
2020-01-22T04:48:38Z,18101,44,36
2019-07-14T16:33:34Z,6589,93,55
2019-06-11T17:29:06Z,17993,16,14
2019-05-04T15:25:56Z,3836,82,1
2019-09-23T18:57:52Z,9552,5,15
2019-04-03T04:02:47Z,4014,70,91
2020-02-17T19:42:26Z,13939,80,85
2019-08-30T22:29:35Z,8067,90,29
2019-07-03T08:36:20Z,9819,97,94
2019-04-29T16:24:43Z,12836,66,3
2019-09-12T23:28:50Z,1119,39,18
2019-07-31T02:43:04Z,9626,65,31
2019-12-25T02:59:58Z,17770,78,86
2019-05-24T03:51:37Z,17258,93,13
2019-09-29T04:50:06Z,1365,86,52
2020-01-21T15:01:08Z,17934,91,13
2019-12-02T13:31:21Z,7480,33,31
2019-08-18T19:17:05Z,17528,22,36
2019-06-19T02:10:54Z,18420,24,15
2019-07-06T00:07:48Z,16528,68,83
2019-10-26T14:41:33Z,14371,35,80
2019-10-12T06:15:05Z,16912,38,32
2019-12-06T19:07:07Z,2586,7,52
2019-08-28T17:39:26Z,6789,80,53
2020-01-14T03:06:40Z,18866,66,23
2019-05-20T16:48:57Z,9186,76,92
2019-02-12T14:47:24Z,19356,48,94
2020-02-20T06:09:08Z,15223,5,62
2019-04-06T03:18:40Z,18221,97,69
2019-05-17T19:24:25Z,19542,65,55
2019-12-12T13:22:28Z,6032,5,55
2019-04-22T16:53:37Z,3918,26,61
2020-01-09T18:32:09Z,16919,76,12
2020-02-26T05:42:20Z,17356,12,51
2019-10-07T05:18:29Z,19031,43,75
2019-05-07T17:16:51Z,14764,1,26
2020-02-10T06:33:00Z,5612,24,5
2020-01-21T19:48:47Z,5769,32,60
2019-02-02T23:56:16Z,17678,37,53
2019-09-11T19:46:58Z,1857,76,48
2020-02-13T07:49:19Z,2247,45,13
2019-08-06T12:49:17Z,4755,63,3
2019-10-15T03:37:31Z,17129,75,67
2019-06-14T02:02:37Z,7656,17,95
2019-06-11T23:53:23Z,14049,62,3
2019-11-25T18:57:31Z,7586,97,95
2019-10-13T03:00:26Z,7445,9,99
2019-10-13T15:26:19Z,19228,39,92
2019-06-07T15:54:24Z,10868,53,31
2020-01-20T02:58:17Z,5132,51,6
2019-03-16T06:34:52Z,18296,65,58
2019-02-15T03:41:49Z,13586,47,91
2020-01-31T20:01:24Z,17043,19,15
2019-10-08T22:29:44Z,1876,80,15
2019-04-27T10:02:05Z,3557,20,32
2019-02-13T18:24:10Z,3052,34,62
2019-04-23T07:49:27Z,9451,6,98
2019-02-17T15:20:08Z,5539,56,47
2019-04-05T11:03:32Z,5366,25,6
2019-08-16T10:17:10Z,7759,25,33
2019-10-30T08:17:04Z,4791,12,1
2019-07-18T22:45:35Z,10869,67,50
2020-01-08T12:16:32Z,3424,12,32
2019-11-28T01:22:35Z,15950,37,79
2019-07-20T15:48:49Z,14915,67,26
2019-10-24T14:52:31Z,19408,94,60
2019-07-02T13:13:19Z,14061,92,29
2020-01-22T09:39:30Z,5505,80,22
2019-10-06T11:19:58Z,4300,48,95
2019-12-08T12:29:07Z,7728,4,14
2019-02-19T20:49:50Z,15327,69,80
2019-05-22T13:46:13Z,7757,68,34
2019-11-04T03:37:40Z,3335,4,92
2020-02-08T12:20:27Z,5047,89,85
2020-01-18T07:13:51Z,10680,69,22
2019-07-08T18:23:49Z,15782,27,21
2020-02-18T21:08:06Z,19329,100,78
2019-07-29T15:31:22Z,12314,26,56
2019-03-18T06:24:53Z,8543,53,77
2019-10-01T06:56:21Z,6671,5,73
2020-02-10T02:48:15Z,5709,36,40
2019-11-18T06:37:20Z,3206,91,15
2020-01-05T10:44:14Z,1984,93,55
2019-10-30T16:53:27Z,17444,36,76
2019-02-28T10:28:52Z,15083,44,70
2019-05-25T16:19:45Z,14718,59,92
2019-04-01T18:36:30Z,6921,40,72
2019-08-25T10:35:38Z,12897,73,9
2019-10-12T06:59:34Z,6580,57,12
2019-02-14T09:50:05Z,5590,57,13
2019-04-22T17:45:27Z,4450,97,4
2019-09-21T13:41:19Z,4972,31,31
2019-02-27T18:20:36Z,16093,31,10
2020-02-28T00:42:12Z,18654,90,96
2019-08-05T08:55:56Z,9554,75,14
2019-06-23T21:23:47Z,14772,72,28
2019-10-22T08:28:47Z,10806,25,90
2019-05-25T05:59:03Z,1143,46,86
2019-06-18T05:34:20Z,10373,53,2
2019-09-15T01:03:02Z,12542,84,82
2019-02-08T03:26:09Z,12740,41,19
2019-06-15T16:22:08Z,4551,42,57
2019-08-20T04:57:27Z,18186,2,12
2019-05-31T20:07:53Z,18244,53,11
2019-05-17T10:40:14Z,11697,29,89
2019-05-31T02:23:58Z,16508,37,55
2020-01-13T19:08:28Z,1254,71,55
2019-09-18T05:00:40Z,7614,35,56
2019-07-15T17:43:21Z,14104,10,12
2019-07-21T09:31:43Z,8706,64,62
2019-10-11T07:57:52Z,12315,50,48
2019-07-25T14:47:34Z,11830,89,32
2019-10-26T01:51:34Z,13568,46,9
2019-08-04T23:14:14Z,16008,92,78
2019-03-10T23:06:29Z,12075,8,21
2019-04-25T04:12:50Z,15307,71,36
2020-01-17T08:28:23Z,13563,72,85
2019-03-06T23:03:21Z,9857,45,40
2019-03-04T09:57:38Z,4705,94,94
2019-11-26T03:10:17Z,8133,23,74
2019-06-03T21:56:22Z,9430,91,39
2020-01-20T14:02:39Z,15104,64,65
2019-10-27T23:10:31Z,9837,4,35
2019-10-28T02:09:19Z,8581,1,78
2019-09-13T04:22:49Z,17236,82,13
2019-11-06T17:42:56Z,16671,44,31
2019-08-08T18:26:52Z,11642,82,99
2020-01-18T23:12:38Z,13270,3,2
2019-11-23T14:34:21Z,16455,49,26
2019-12-17T15:26:58Z,9613,8,54
2019-10-16T18:46:03Z,4430,95,84
2019-08-30T23:36:58Z,7668,97,18
2019-10-25T04:48:39Z,18089,31,52
2019-07-11T19:13:47Z,6785,54,21
2019-12-06T06:33:34Z,11702,18,20
2019-09-22T08:38:50Z,5619,46,45
2019-11-08T12:13:34Z,9129,29,57
2019-07-21T03:34:23Z,6559,6,87
2019-04-08T02:22:21Z,14243,82,53
2019-09-27T18:23:43Z,1801,5,52
2019-02-14T20:20:53Z,17530,39,98
2020-02-17T04:59:06Z,5522,40,68
2020-01-01T10:42:24Z,8565,43,53
2019-08-22T10:39:46Z,3752,88,41
2019-09-15T22:26:30Z,14424,3,1
2019-03-01T05:09:50Z,18334,23,51
2019-11-10T09:17:55Z,4283,13,43
2019-11-30T17:12:57Z,19165,66,14
2019-10-09T07:43:02Z,11087,73,82
2019-11-09T21:08:35Z,16881,31,28
2020-01-24T04:16:39Z,9400,28,24
2019-10-13T07:22:19Z,14214,69,60
2020-02-27T20:15:20Z,14433,5,84
2019-05-05T15:19:58Z,15486,3,74
2019-08-08T06:30:28Z,3702,60,34
2019-07-31T23:41:48Z,2623,74,91
2019-05-04T15:04:04Z,7617,16,15
2019-06-17T09:52:21Z,2106,62,22
2019-03-31T16:11:36Z,15666,80,66
2019-11-11T10:45:44Z,17774,88,40
2019-06-26T17:59:06Z,18578,66,98
2019-04-07T04:51:09Z,19818,32,24
2020-01-05T12:15:32Z,6327,85,9
2019-10-29T07:32:57Z,18332,56,97
2019-12-29T07:01:47Z,1969,50,11
2020-01-22T07:46:30Z,10764,73,37
2019-12-22T07:43:52Z,16202,7,98
2019-05-06T19:59:42Z,16510,63,75
2019-06-14T07:00:00Z,3744,41,86
2019-08-13T09:26:05Z,12412,51,66
2019-04-21T06:28:58Z,16516,96,64
2019-02-18T07:54:38Z,17234,28,5
2019-07-12T03:40:11Z,11938,100,63
2020-01-12T23:25:12Z,3990,99,59
2019-03-11T15:32:51Z,19601,80,50
2019-10-24T20:43:45Z,2076,49,98
2019-05-11T05:44:16Z,6699,6,93
2020-01-01T06:12:28Z,9818,29,57
2019-03-01T10:47:46Z,8950,7,64
2019-05-11T18:56:15Z,18849,66,30
2019-03-31T00:18:10Z,14402,52,77
2019-12-15T22:23:31Z,13464,87,63
2020-01-13T20:52:27Z,8171,69,77
2019-06-24T12:21:21Z,15732,68,87
2020-01-10T18:07:12Z,2715,27,14
2019-06-19T10:42:52Z,5598,100,82
2019-06-22T22:55:37Z,8915,92,8
2019-11-29T05:56:45Z,5371,3,37
2019-07-16T20:41:58Z,10462,12,68
2019-08-03T07:17:32Z,1483,49,8
2019-06-29T01:57:33Z,11773,10,30
2019-11-19T05:49:06Z,17859,3,49
2019-05-19T07:16:34Z,9246,68,16
2019-11-24T13:20:34Z,11797,11,87
2020-02-20T19:18:57Z,3935,23,60
2019-03-28T12:10:17Z,1803,30,18
2019-10-01T05:38:16Z,4784,13,27
2019-11-11T00:24:32Z,9814,10,47
2019-11-21T04:58:06Z,9699,81,53
2020-01-27T02:10:15Z,2460,56,45
2020-02-07T20:52:48Z,16548,55,65
2020-02-04T04:55:02Z,15829,26,55
2020-02-28T10:21:36Z,16091,38,4
2020-01-30T21:50:28Z,17308,74,88
2019-05-08T19:15:34Z,13106,93,87
2019-04-12T17:44:06Z,15298,6,20
2019-03-23T16:45:43Z,12838,80,99
2020-02-09T10:17:02Z,13842,48,20
2019-08-08T20:52:13Z,2055,69,44
2019-04-19T18:10:09Z,15266,20,15
2019-10-08T19:20:43Z,1616,93,100
2019-09-18T02:20:42Z,5301,77,53
2019-02-10T11:41:56Z,6314,79,59
2019-06-30T19:30:47Z,7348,100,92
2019-03-13T08:11:00Z,17469,52,100
2019-08-01T15:21:21Z,13345,50,28
2019-07-05T19:23:49Z,2090,89,14
2019-11-17T17:37:01Z,4463,97,58
2019-09-28T20:38:57Z,15875,16,79
2019-05-26T17:52:45Z,4952,31,57
2019-12-18T23:09:32Z,4041,68,68
2019-06-25T21:17:41Z,15882,43,48
2019-04-18T09:25:58Z,1652,86,93
2019-05-09T03:05:23Z,4827,15,10
2019-09-29T01:10:47Z,18859,92,88
2019-05-26T23:29:35Z,10090,93,78
2019-03-11T23:13:11Z,10575,100,57
2019-10-20T05:17:24Z,2998,63,33
2019-08-09T16:55:18Z,14708,29,82
2019-06-14T19:00:05Z,6708,53,48
2019-12-17T13:30:51Z,14768,98,55
2019-02-26T13:40:23Z,3800,5,80
2019-03-25T13:30:05Z,19711,32,38
2019-07-22T23:38:34Z,3415,66,31
2019-08-29T06:50:01Z,9923,45,60
2019-03-20T12:13:39Z,13667,16,11
2019-03-23T13:20:55Z,9734,89,52
2019-07-28T04:00:14Z,4307,85,66
2020-02-13T07:48:21Z,5839,9,35
2019-04-22T11:15:53Z,17584,20,48
2019-09-10T10:42:31Z,16556,43,83
2019-02-06T06:08:44Z,18103,48,42
